gene	amino_acid_change	transcript_name	SnpEff_Annotation
HRAS	p.Met182Ile	ENST00000451590	missense_variant
HRAS	p.Met182Val	ENST00000451590	missense_variant
HRAS	p.Pro173Leu	ENST00000451590	missense_variant
HRAS	p.Arg169Gln	ENST00000451590	missense_variant
HRAS	p.Arg169Trp	ENST00000451590	missense_variant
HRAS	p.His166Gln	ENST00000451590	missense_variant
HRAS	p.Arg164Trp	ENST00000451590	missense_variant
HRAS	p.Ile163Phe	ENST00000451590	missense_variant
HRAS	p.Arg161His	ENST00000451590	missense_variant
HRAS	p.Asp154Val	ENST00000451590	missense_variant
HRAS	p.Asp154Asn	ENST00000451590	missense_variant
HRAS	p.Gly151Ala	ENST00000451590	missense_variant,splice_region_variant
HRAS	p.Arg149Trp	ENST00000451590	missense_variant
HRAS	p.Ala146Val	ENST00000451590	missense_variant
HRAS	p.Ala146Thr	ENST00000451590	missense_variant
HRAS	p.Ile142Leu	ENST00000451590	missense_variant
HRAS	p.Pro140Ser	ENST00000451590	missense_variant
HRAS	p.Gly138Asp	ENST00000451590	missense_variant
HRAS	p.Ala134Val	ENST00000451590	missense_variant
HRAS	p.Leu133His	ENST00000451590	missense_variant
HRAS	p.Leu133Phe	ENST00000451590	missense_variant
HRAS	p.Asp132Asn	ENST00000451590	missense_variant
HRAS	p.Ala130Pro	ENST00000451590	missense_variant
HRAS	p.Arg128Pro	ENST00000451590	missense_variant
HRAS	p.Arg123Pro	ENST00000451590	missense_variant
HRAS	p.Ala121Val	ENST00000451590	missense_variant
HRAS	p.Lys117Arg	ENST00000451590	missense_variant
HRAS	p.Met111Thr	ENST00000451590	missense_variant
HRAS	p.Ser106Leu	ENST00000451590	missense_variant
HRAS	p.Ser106Trp	ENST00000451590	missense_variant
HRAS	p.Arg102Trp	ENST00000451590	missense_variant
HRAS	p.Lys101Arg	ENST00000451590	missense_variant
HRAS	p.Ile93Val	ENST00000451590	missense_variant
HRAS	p.Ser89Cys	ENST00000451590	missense_variant
HRAS	p.Cys80Ser	ENST00000451590	missense_variant
HRAS	p.Met72Leu	ENST00000451590	missense_variant
HRAS	p.Arg68Gln	ENST00000451590	missense_variant
HRAS	p.Glu63Lys	ENST00000451590	missense_variant
HRAS	p.Gln61His	ENST00000451590	missense_variant
HRAS	p.Gln61Arg	ENST00000451590	missense_variant
HRAS	p.Gln61Lys	ENST00000451590	missense_variant
HRAS	p.Gly60Val	ENST00000451590	missense_variant
HRAS	p.Gly60Asp	ENST00000451590	missense_variant
HRAS	p.Ala59Leu	ENST00000451590	missense_variant
HRAS	p.Ala59Thr	ENST00000451590	missense_variant
HRAS	p.Thr58Ile	ENST00000451590	missense_variant
HRAS	p.Ile46Thr	ENST00000451590	missense_variant
HRAS	p.Ile36Val	ENST00000451590	missense_variant
HRAS	p.Gln22Lys	ENST00000451590	missense_variant
HRAS	p.Gly13Val	ENST00000451590	missense_variant
HRAS	p.Gly13Asp	ENST00000451590	missense_variant
HRAS	p.Gly13Cys	ENST00000451590	missense_variant
HRAS	p.Gly12Ala	ENST00000451590	missense_variant
HRAS	p.Gly12Asp	ENST00000451590	missense_variant
HRAS	p.Gly12Val	ENST00000451590	missense_variant
HRAS	p.Gly12Glu	ENST00000451590	missense_variant
HRAS	p.Gly12Val	ENST00000451590	missense_variant
HRAS	p.Gly12Ala	ENST00000451590	missense_variant
HRAS	p.Gly12Asp	ENST00000451590	missense_variant
HRAS	p.Gly12Cys	ENST00000451590	missense_variant
HRAS	p.Gly12Ser	ENST00000451590	missense_variant
HRAS	p.Ala11Thr	ENST00000451590	missense_variant
HRAS	p.Tyr4Cys	ENST00000451590	missense_variant
HRAS	p.Tyr4His	ENST00000451590	missense_variant
HRAS	p.Thr2Ala	ENST00000451590	missense_variant
